id,level,category,question,correct,dummy1,dummy2,dummy3,dummy4
1,1,四字熟語,「一期一会」の正しい意味は？,一生に一度だけの出会い,一つの期に一回休むこと,最初の出会いを忘れること,一ヶ月に一度会うこと,一人で生きていくこと
2,1,慣用句,「耳にたこができる」の意味は？,同じことを何度も聞かされて不愉快な気持ちになること,耳の病気になってしまい音が聞こえなくなること,海の生き物の声が遠くから聞こえてくること,耳がどんどん大きくなっていく不思議な病気,他人の悪口ばかり聞こえてきて嫌になること
3,1,ことわざ,「猿も木から落ちる」の意味は？,得意なことでも失敗することがある,猿は木登りが下手だということ,高いところは危ないということ,動物を大切にしようということ,木から落ちると大ケガをすること
4,1,類義語・対義語,「出発」の対義語（反対の意味）は？,到着,進行,帰宅,外出,開始
5,1,文法,「美しい花が咲く」の「美しい」は何詞？,形容詞,動詞,名詞,副詞,接続詞
6,2,四字熟語,「以心伝心」の正しい意味は？,言葉にしなくてもお互いの気持ちが自然に通じ合うこと,心臓の病気を隠さずに周りの人にちゃんと伝えること,手紙やメールで自分の本当の気持ちを誰かに伝えること,心を込めて手作りのお弁当を作って人にプレゼントすること,嘘の気持ちを間違えて別の人に伝えてしまい後悔すること
7,2,慣用句,「さじを投げる」の意味は？,どうにもならずあきらめること,スプーンを投げて遊ぶこと,料理を失敗すること,薬を飲むこと,勢いよく物を投げること
8,2,ことわざ,「馬の耳に念仏」の意味は？,いくら意見を言っても相手が理解せず効き目がないこと,馬はお経を聞くのが大好きでいつも聞いているということ,耳元でいきなり大きな声を出して相手を驚かせること,馬に人間の言葉を教えて話せるようにしようとすること,お寺に行ってありがたいお話を長く聞かせてもらうこと
9,2,類義語・対義語,「原因」の対義語（反対の意味）は？,結果,理由,起源,発端,過程
10,2,文法,「走る」の丁寧語はどれ？,走ります,走られる,お走りになる,走らせる,走らされる
11,3,四字熟語,「四面楚歌」の正しい意味は？,周りが敵ばかりで助けがない状態,四つの面を持つ珍しい歌,東西南北から歌が聞こえること,みんなで楽しく歌うこと,四人で協力して戦うこと
12,3,慣用句,「図に乗る」の意味は？,相手に褒められたりしていい気になって調子づくこと,図形の上に立ってバランスをとる難しい遊びのこと,計画通りに全てが順調に進んでいて安心していること,地図を見ながら目的地に迷わず真っ直ぐ進むこと,新しい乗り物に乗って遠くまでドライブに出かけること
13,3,ことわざ,「情けは人の為ならず」の正しい意味は？,人に親切にすると巡り巡って自分のためになる,人に親切にするのはその人のためにならない,困っている人は助けないほうがいい,情けをかけると自分が損をする,冷たくするのが本当の優しさだ
14,3,類義語・対義語,「豊富」の類義語（似た意味）は？,豊か,不足,貧しい,少ない,単調
15,3,文法,「食べる」の尊敬語（相手を高める言い方）はどれ？,召し上がる,いただく,食う,食べます,お食べする
16,4,四字熟語,「悪戦苦闘」の正しい意味は？,とても困難な状況の中で必死に努力して戦い続けること,悪いことをしてその報いを受けてしまいひどく苦しむこと,戦いが嫌になって途中で逃げ出してしまう卑怯なこと,悪い敵といつの間にか仲良くなって友達になってしまうこと,苦しい戦いの中にあってもそれを心から楽しむこと
17,4,慣用句,「気が置けない」の正しい意味は？,全く遠慮する必要がなく心から打ち解けて話せること,どうしても気が合わず誰とも仲良くなれない様子のこと,相手に対する注意が足りずにすぐ失敗してしまうこと,嫌なことがあって急に気分が悪くなり倒れてしまうこと,相手のことを思いやれず自分勝手に行動してしまうこと
18,4,ことわざ,「灯台下暗し」の意味は？,身近なことほど意外に気がつかないことが多いものだ,灯台の下はとても暗くて危ないから気をつけよう,暗い夜道を歩く時は足元に十分気をつけよう,遠くにあるものほど意外によく見えるものだ,海の近くは街灯が少なくてどうしても暗くなりがちだ
19,4,類義語・対義語,「拡大」の対義語（反対の意味）は？,縮小,減少,低下,悪化,後退
20,4,文法,「雨が降る」の「降る」は何詞？,動詞,名詞,形容詞,副詞,接続詞
21,5,四字熟語,「試行錯誤」の正しい意味は？,失敗を何度も繰り返しながら解決方法をやっと見つけ出すこと,難しい試験に何度も落ちてしまいすっかり自信をなくすこと,悪い行いをしてしまった後に深く反省して謝ること,間違った道をわざと選んで遠回りして目的地に向かうこと,考えることを完全にやめてしまって誰かに頼りきること
22,5,慣用句,「役不足」の正しい意味は？,自分の能力に対して与えられた役目が軽すぎること,自分の能力が足りなくて役目が果たせないこと,劇の役者が足りないこと,役目を途中で交代すること,役に立たないこと
23,5,ことわざ,「豚に真珠」と同じ意味のことわざは？,猫に小判,犬も歩けば棒に当たる,猿も木から落ちる,泣きっ面に蜂,蛙の子は蛙
24,5,類義語・対義語,「長所」の対義語（反対の意味）は？,短所,欠点,弱点,不良,悪所
25,5,文法,「行く」の謙譲語（自分がへりくだる言い方）はどれ？,参る,いらっしゃる,行かれます,おいでになる,行かれる
26,1,四字熟語,「十人十色」の正しい意味は？,人の考えや好みは十人いれば十通りあってそれぞれ違うこと,十人で集まって十種類の絵の具を使って絵を描き上げること,十人集まればみんなで虹色のような美しい輪を作れること,話し合った結果としてみんなが全く同じ素晴らしい考えになること,ここにいる十人の顔の色がそれぞれ少しずつ違っていること
27,1,慣用句,「道草を食う」の意味は？,目的地へ行く途中で他のことをして無駄に時間を費やすこと,道に生えている雑草を摘んでむしゃむしゃと食べてしまうこと,お腹が空きすぎて歩けなくなり途中で倒れ込んでしまうこと,目的の場所がわからなくなり道に迷ってすっかり困ってしまうこと,草むらに入って友達と日が暮れるまで楽しく遊んでしまうこと
28,1,ことわざ,「犬も歩けば棒に当たる」の意味は？,何かをしていると思いがけない幸運あるいは災難にあうこと,犬は外を歩いているとしょっちゅう棒で叩かれるということ,外を歩いているとちょうどいい長さの棒を拾うことができること,犬は棒きれを投げて遊んでもらうのが一番好きだということ,長い棒を持っていればどんなに強い犬にでも勝てるということ
29,1,類義語・対義語,「開始」の対義語（反対の意味）は？,終了,出発,進行,失敗,中断
30,1,文法,「静かに本を読む」の「静かに」は何詞？,副詞,形容詞,動詞,名詞,接続詞
31,2,四字熟語,「右往左往」の正しい意味は？,混乱してあっちへ行ったりこっちへ行ったりして迷うこと,右と左を何度も間違えてしまい目的地になかなか着けないこと,右利きの人と左利きの人が一緒になって作業をすること,交差点を安全確認しながらゆっくりと歩いて渡ること,寄り道をせずに目的地に向かってひたすら真っ直ぐ進むこと
32,2,慣用句,「油を売る」の意味は？,仕事の途中で無駄話をしてしまって怠けて時間を潰すこと,油を普段よりだいぶ高く売ってたくさん儲けようとすること,夕飯の料理の準備をするために台所をきれいに片付けること,自分より偉い人に気に入られようとして誰かに媚びを売ること,わざと相手の嫌がることを言ってひどく怒らせてしまうこと
33,2,ことわざ,「石の上にも三年」の意味は？,つらくて厳しいことでも我慢して続ければ必ず成功する,冷たい石の上に三年も座り続けると重い病気にかかってしまう,どんなに重い石でも三年経てば少しは動くようになる,これから三年間はとにかく何もせずにじっとしていなければならない,どんなに硬い石でも三年間外に置いておけば風化して壊れる
34,2,類義語・対義語,「容易」の類義語（似た意味）は？,簡単,困難,複雑,難解,面倒
35,2,文法,次のうち、接続詞はどれ？,しかし,赤い,静かに,走る,犬
36,3,四字熟語,「一石二鳥」の正しい意味は？,一つのことをするだけで同時に二つの大きな利益を得ること,一つの石を投げて二羽の鳥をわざと逃がしてあげること,石を二つ同時に投げて空を飛んでいる鳥を捕まえること,鳥が口に石を二つ咥えて自分のところに運んでくること,二羽の鳥が落ちている小さな石を奪い合って喧嘩すること
37,3,慣用句,「腹を割る」の意味は？,本心を隠さずに打ち明けること,お腹が痛くなること,お腹を切って手術すること,怒りを爆発させること,お腹いっぱい食べること
38,3,ことわざ,「弘法にも筆の誤り」の意味は？,名人でも失敗することがある,書道家は筆をよく間違える,筆の選び方が大事だ,弘法大師は字が下手だった,良い筆を使えば上手く書ける
39,3,類義語・対義語,「悲観」の対義語（反対の意味）は？,楽観,失望,絶望,安心,後悔
40,3,文法,「見る」の尊敬語（相手を高める言い方）はどれ？,ご覧になる,拝見する,見られる,見ます,お見せする
41,4,四字熟語,「前代未聞」の正しい意味は？,今まで一度の聞いたこともないような非常に珍しい出来事,前の時代に大流行してみんながよく歌っていた音楽のこと,昔の人が話してくれた大切な教えを全く聞かないこと,何かを始める前に前もってみんなから聞いておくべき重要事項,昔からみんながよく聞いていてすでに知っているお馴染みの話
42,4,慣用句,「口を切る」の意味は？,最初に話し始めること,口にケガをすること,お菓子の袋を開けること,約束を破ること,黙り込んでしまうこと
43,4,ことわざ,「河童の川流れ」と同じ意味のことわざは？,猿も木から落ちる,犬も歩けば棒に当たる,豚に真珠,石の上にも三年,馬の耳に念仏
44,4,類義語・対義語,「許可」の類義語（似た意味）は？,承認,禁止,拒否,中止,命令
45,4,文法,「来る」の謙譲語（自分がへりくだる言い方）はどれ？,参る,いらっしゃる,おいでになる,来られる,来ます
46,5,四字熟語,「大器晩成」の正しい意味は？,偉大な人物は遅れて実力を発揮して最後には大成するということ,大きくて立派な器を作るのにはとても長い時間がかかるということ,夕方になってから大きなどんぶりでご飯をたくさん食べること,年をとってからとても大きくて取り返しのつかない失敗をすること,最初から素晴らしい才能を発揮してみんなを驚かせること
47,5,慣用句,「水を差す」の意味は？,仲の良い間柄や上手くいっている事の途中に邪魔に入ること,熱いお茶に冷たい水を入れてちょうどいい温度に薄めること,庭に咲いている綺麗な花にたっぷりと水を与えて育てること,お風呂の温度が熱すぎるので水を入れて少し下げること,川の流れに逆らわずにただただ水を流し続けること
48,5,ことわざ,「急がば回れ」の正しい意味は？,急ぐ時ほどかえって時間がかかっても安全で確実な道を通るべきだ,急いでいる時はとにかく周りを気にせず誰よりも早く走るべきだ,急いでいる時こそ立ち止まって落ち着いて周りを見回すべきだ,どんなに急いだって結局は出せる結果は同じになるということ,急ぐと目が回ってしまってかえって遅れてしまうということ
49,5,類義語・対義語,「保守」の対義語（反対の意味）は？,革新,維持,保護,管理,発展
50,5,文法,「言う」の尊敬語（相手を高める言い方）はどれ？,おっしゃる,申す,言われる,言います,お言いになる
51,1,四字熟語,「弱肉強食」の意味は？,強い者が弱い者を犠牲にして栄えること,お肉を食べて強くなること,弱いお肉と強いお肉を食べ比べること,動物たちが仲良く暮らすこと,食事を無理やり食べさせること
52,1,慣用句,「すずめの涙」の意味は？,ほんのわずかしかないこと,鳥が悲しんで泣いていること,目薬をさすこと,とてもたくさんの量のこと,小さくて可愛いもの
53,1,ことわざ,「鬼に金棒」の意味は？,強いものがさらに強くなること,鬼が金持ちになること,鉄の棒で叩かれること,怖いものから逃げること,悪いことをしてはいけないということ
54,1,類義語・対義語,「肯定」の対義語（反対の意味）は？,否定,賛成,絶対,確認,決定
55,1,文法,「静かだ」は何詞？,形容動詞,形容詞,動詞,名詞,副詞
56,2,四字熟語,「一長一短」の正しい意味は？,どんなものにも良いところもあればそれなりに悪いところもあること,とても長い紐ととても短い紐とをくっつけて遊ぶこと,すごく背が高い人とすごく背が低い人がたまたま並んでいること,何かを始めてもすぐに飽きてしまいあっという間に終わってしまうこと,たった一つのことだけが誰よりも素晴らしいくらいに得意なこと
57,2,慣用句,「目を丸くする」の意味は？,とても驚くこと,目が疲れてしまうこと,丸いメガネをかけること,怒ってにらみつけること,眠くて目をこすること
58,2,ことわざ,「壁に耳あり障子に目あり」の意味は？,秘密はどこからか漏れやすいということ,家の中にはお化けがいるということ,壁や障子を壊してはいけないこと,周りをよく見て歩くべきだということ,古い家は隙間風が入ること
59,2,類義語・対義語,「減少」の対義語（反対の意味）は？,増加,拡大,低下,発展,縮小
60,2,文法,「とても」や「少し」のように、様子や程度を表す品詞は？,副詞,接続詞,形容詞,名詞,動詞
61,3,四字熟語,「自業自得」の正しい意味は？,自分の悪い行いの報いを自分で受けること,自分で自分の仕事を褒めること,農業を自分で始めること,自分で作ったものを自分で食べること,得意なことを自慢すること
62,3,慣用句,「鼻が高い」の意味は？,得意になっていること,鼻の形がきれいなこと,嘘をついて鼻が伸びること,匂いに敏感なこと,風邪をひいて鼻水が出ること
63,3,ことわざ,「善は急げ」の意味は？,良いと思ったことはすぐに実行するべきだ,良いことをするには急いで走るべきだ,急ぐと良いことがある,急ぐ時は良い道を選べ,良い結果を出すには焦りが必要だ
64,3,類義語・対義語,「賛同」の類義語（似た意味）は？,同意,反対,拒否,抵抗,無視
65,3,文法,「犬が走る」の「が」は何詞？,助詞,接続詞,名詞,副詞,動詞
66,4,四字熟語,「言語道断」の正しい意味は？,とても言葉では言い表せないほどもってのほかでありひどいこと,言葉が通じるコミュニケーションの道をばっさりと断ち切ること,外国の言葉を絶対に話してはいけないという厳しいルールのこと,話すのをきっぱりやめてずっと黙り込んでしまうこと,見知らぬ人に道を尋ねるのがとても苦手でいつも迷うこと
67,4,慣用句,「歯に衣着せぬ」の意味は？,相手に気兼ねすることなく自分の思った通りに率直に意見を言うこと,歯医者さんに行って痛い虫歯の治療をしっかりと受けること,面倒くさがって食後の歯磨きを全くせずに寝てしまうこと,冬の厳しい寒さに備えて服を何枚も重ねて厚着をすること,うまく嘘をついてその場の気まずい雰囲気を適当にごまかすこと
68,4,ことわざ,「捕らぬ狸の皮算用」の意味は？,まだ手に入っていないものを当てにしてあれこれと計画を立てること,野生のタヌキを捕まえてその毛皮を高く売ろうとすること,お店でお金の計算をすっかり間違えてしまい損をしてしまうこと,弱い動物をいじめてはいけないという教えのこと,失敗しないようにお金の計算は必ず慎重にすべきだということ
69,4,類義語・対義語,「平凡」の対義語（反対の意味）は？,非凡,普通,単純,退屈,異常
70,4,文法,「おっしゃる」は何語？,尊敬語,謙譲語,丁寧語,美化語,俗語
71,5,四字熟語,「傍目八目」の正しい意味は？,当事者よりも第三者のほうが物事を冷静に正しく判断できること,顔の周りに八つも目を持っている恐ろしい化け物のこと,囲碁の勝負で八目もの点差をつけられて負けてしまうこと,落ち着きがなく周りをキョロキョロと見回してばかりいること,他人の目を気にしすぎて極度に緊張し何もできなくなってしまうこと
72,5,慣用句,「手をこまねく」の正しい意味は？,何もせずにただ見ていること,手を洗ってきれいにすること,手招きして人を呼ぶこと,手をつないで仲良くすること,腕相撲の準備をすること
73,5,ことわざ,「立つ鳥跡を濁さず」の意味は？,その場を立ち去る者はきれいに後始末を済ませてから行くべきである,鳥が一斉に飛び立つと水面が泥でひどく濁ってしまうということ,鳥はとてもきれい好きでいつも体を洗い流しているということ,服が汚れるから泥水の中に入って遊んではいけないという注意,一度進んだからには絶対に後戻りをしてはならないというルール
74,5,類義語・対義語,「必然」の対義語（反対の意味）は？,偶然,確実,絶対,自然,当然
75,5,文法,「拝見する」は何語？,謙譲語,尊敬語,丁寧語,美化語,外来語
76,1,四字熟語,「一石二鳥」の意味は？,一つのことで二つの利益を得ること,鳥に石を投げること,石を二つ持って鳥を追いかけること,鳥が石を運んでくること,二羽の鳥がケンカすること
77,1,慣用句,「腹が立つ」の意味は？,怒ること,お腹が痛くなること,立ち上がること,お腹いっぱい食べること,空腹で力が出ないこと
78,1,ことわざ,「猫に小判」の意味は？,価値の全くわからない人に高価なものをあげてもなんの無駄だということ,猫はとてもお金が好きでいつも小判を探しているということ,猫がいっぱいいる家には泥棒が入りやすいから注意が必要だということ,無駄遣いをせずにお金を大切に扱おうという教えのこと,猫を見つけたら誰の猫でも優しく可愛がってあげようということ
79,1,類義語・対義語,「開始」の類義語（似た意味）は？,スタート,ゴール,ストップ,エンド,リセット
80,1,文法,「大きい」は何詞？,形容詞,動詞,名詞,形容動詞,助詞
81,2,四字熟語,「異口同音」の正しい意味は？,たくさんの人がそれぞれ口を揃えてみんな同じ意見を言うこと,自分とは違う遠い国の珍しい言葉を頑張って話そうとすること,人の口の形はそれぞれ少しずつ違っていて個性的だということ,音楽の授業でみんなで揃って楽しい歌を元気に歌うこと,風邪をひいてしまって少し変な声が出てしまうこと
82,2,慣用句,「羽を伸ばす」の意味は？,気兼ねなくのびのびと振る舞うこと,鳥が空を飛ぶ練習をすること,背伸びをして背を高くすること,疲れて休むこと,体操をすること
83,2,ことわざ,「ちりも積もれば山となる」の意味は？,どんなにわずかなものでも積み重ねればいずれは大きなものになる,ゴミはため込まずにこまめに掃除して捨てるべきだという教え,山の奥には人が捨てたゴミがたくさん落ちているということ,掃除をサボっているとゴミがすぐ山のようにたまってしまうこと,砂場で小さな山を作って友達と楽しく遊ぶこと
84,2,類義語・対義語,「失敗」の対義語（反対の意味）は？,成功,後悔,反省,中止,大勝
85,2,文法,「しかし」は何詞？,接続詞,副詞,名詞,助詞,動詞
86,3,四字熟語,「半信半疑」の正しい意味は？,本当かどうかについて半分だけ信じて残り半分は疑っている状態,半分だけは神様を信じてお祈りし半分は信じていないこと,人のことを疑うのはとても悪いことだという強い教えのこと,テストの点数が自分の予想していたもののちょうど半分だったこと,相手との約束を半分だけ守ってあとは破ってしまうこと
87,3,慣用句,「足を洗う」の正しい意味は？,悪い行いをやめて正業につくこと,お風呂で足をきれいにすること,歩き疲れて足をマッサージすること,足を滑らせて転ぶこと,泥水に入ること
88,3,ことわざ,「朱に交われば赤くなる」の意味は？,人は関わる友人や周りの環境によって良くも悪くも影響を受けるものだ,いろんな色の絵の具の中に赤い絵の具を混ぜると全体が赤くなること,きれいな夕日を見ると反射して顔が赤く見えるということ,人前で緊張して恥ずかしくなってしまい顔が真っ赤になること,赤い服を着て出かけると気分が上がって元気になるということ
89,3,類義語・対義語,「容易」の対義語（反対の意味）は？,困難,簡単,複雑,単調,平易
90,3,文法,「きらきらと」や「ワンワンと」のように音や様子を表す言葉を何という？,擬音語・擬態語,接続詞,名詞,動詞,形容詞
91,4,四字熟語,「温故知新」の正しい意味は？,昔のことをしっかり学んでそこから新しい知識や道理を得ること,家にある古いものを全部捨てて新しいものをどんどん買うこと,古い温泉に入って心身ともに新しくしっかり生まれ変わること,昔の友達と久しぶりに会って新しく出会い直して仲良くなること,図書館に行ってとても古くて難しい本を一日中読むこと
92,4,慣用句,「肝を冷やす」の意味は？,危ない目にあってヒヤッとし心底驚き恐れて冷や汗をかくこと,とても冷たいものをたくさん飲んでお腹をこわしてしまうこと,夏の暑い夜に肝だめしをしてわざと涼むこと,冬の厳しい寒さのせいで体が芯まで冷え切ってしまうこと,買ったばかりの食べ物を早く冷やそうと冷蔵庫に入れること
93,4,ことわざ,「二兎を追う者は一兎をも得ず」の意味は？,同時に二つのことをしようと欲張ると結局両方とも失敗してしまう,うさぎは素早いから二匹も同時に捕まえるのは無理だということ,野原で二匹のうさぎを追いかけるのはとても楽しいということ,うさぎを追いかける時は必ず一匹ずつ順番に捕まえろという教え,色々なものを欲張ると周りの人からひどく怒られるということ
94,4,類義語・対義語,「複雑」の対義語（反対の意味）は？,単純,困難,簡単,面倒,難解
95,4,文法,「行かれる」は何語？,尊敬語,謙譲語,丁寧語,美化語,外来語
96,5,四字熟語,「画竜点睛」の正しい意味は？,物事を完全に完成させるための最後のとても大事な仕上げのこと,大きな壁にとても立派な竜の絵を時間をかけて描くこと,目が疲れた時に目薬をさしてリフレッシュすること,天気の良い晴れた日に外に出て風景の絵を描くこと,絵の具が服にべったりとついてしまって取れなくなること
97,5,慣用句,「舌を巻く」の意味は？,ひどく驚き感心すること,舌を火傷してしまうこと,ご飯を急いで食べること,嘘をつくこと,舌を出してあっかんべーをすること
98,5,ことわざ,「能ある鷹は爪を隠す」の意味は？,本当に実力のある人はやたらとそれをひけらかしたりしないものだ,鷹は獲物を捕る一瞬の時だけ鋭い爪を出すということ,爪をちゃんと隠しておかないと怪我をして危ないということ,鷹は自分の爪を研いで鋭くしておくのが好きだということ,自分の優れた才能は誰にも見せずに隠しておいたほうがいいこと
99,5,類義語・対義語,「需要」の対義語（反対の意味）は？,供給,消費,生産,販売,購入
100,5,文法,「申す」は何語？,謙譲語,尊敬語,丁寧語,美化語,俗語
101,1,四字熟語,「一進一退」の意味は？,進んだり退いたりすること,一度進んだら二度と戻らないこと,一歩進んで一回休むこと,一つずつ退学していくこと,全員で一斉に進むこと
102,1,慣用句,「顔が広い」の意味は？,知り合いがたくさんいること,顔のサイズが大きいこと,笑顔でいることが多いこと,遠くまでよく見えること,恥ずかしくて顔が赤くなること
103,1,ことわざ,「どんぐりの背比べ」の意味は？,どれも似たり寄ったりでこれといって抜きん出た者がいないこと,秋の森でたくさんのどんぐりを拾ってきて家で集めること,背が高い方が何事においても偉くて優れているということ,背伸びをして自分のことを実際よりも大きく見せようとすること,秋の涼しい山に出かけて友達と一日中走り回って遊ぶこと
104,1,類義語・対義語,「安全」の対義語（反対の意味）は？,危険,安心,保護,注意,平和
105,1,文法,「きれいだ」は何詞？,形容動詞,形容詞,名詞,動詞,副詞
106,2,四字熟語,「大同小異」の意味は？,だいたい同じで小さな違いしかないこと,大きな子どもと小さな子ども,大きく違っていて少しだけ同じこと,大きな音と小さな音,大きく同意して少し反対すること
107,2,慣用句,「口が堅い」の意味は？,他人から聞いた秘密を誰にも絶対に漏らさず心に留めておくこと,頑固で絶対に口を開かず誰とも一言も話さないこと,硬い食べ物を時間をかけてよく噛んで食べること,虫歯が全くなく歯がとても丈夫で何でも食べられること,相手に対する言葉使いがいつも非常に細かく厳しいこと
108,2,ことわざ,「焼け石に水」の意味は？,少しばかりの努力や援助をしたところであまりにも全く効果がないこと,とても熱い石に冷たい水をかけて急激に冷ますこと,石を火で熱く焼いてその上で美味しい料理を作ること,すごく喉が渇いてたまらなくなり水をがぶ飲みすること,火事が起きた時にバケツで水をかけて火を消そうとすること
109,2,類義語・対義語,「利益」の対義語（反対の意味）は？,損失,もうけ,お金,結果,豊富
110,2,文法,「だから」は何詞？,接続詞,副詞,名詞,動詞,形容詞
111,3,四字熟語,「悪口雑言」の意味は？,さんざん悪口を言うこと,悪い言葉と難しい言葉,口にチャックをすること,悪い夢を見ること,大きな声で歌うこと
112,3,慣用句,「耳を疑う」の意味は？,信じられないことを聞いて驚くこと,耳の病気ではないかと心配すること,他人の言うことを全く信じないこと,耳が遠くなること,こっそり立ち聞きすること
113,3,ことわざ,「泣きっ面に蜂」の意味は？,すでに悪いことが起きている上にさらに悪いことが重なってしまうこと,外で泣いているとどこからともなく蜂が飛んで寄ってくること,スズメバチに刺されて痛くてたまらずに大声で泣き叫ぶこと,泣いたあとに顔が蜂に刺されたように大きく腫れてしまうこと,悲しくて泣いている時に甘いものを食べて気を紛らわせること
114,3,類義語・対義語,「拡大」の類義語（似た意味）は？,拡張,縮小,減少,低下,悪化
115,3,文法,「食べる」の謙譲語（自分がへりくだる言い方）は？,いただく,召し上がる,食べられる,お食べになる,食う
116,4,四字熟語,「意味深長」の意味は？,普通に聞こえる言葉の裏にとても深い意味が隠されていること,言葉の意味が長すぎてどうしても覚えられないこと,背が伸びて同級生の中で身長がとても高くなっていること,誰も行ったことのないような深い海の中を潜水艦で探検すること,何回読んでも言葉の意味が全くわからなくて困ってしまうこと
117,4,慣用句,「鼻を明かす」の意味は？,相手をうまく出し抜いてあっと言わせるような思い知らせ方をすること,詰まっていた鼻を勢いよくかんでとてもスッキリすること,今まで誰にも言えなかった秘密を思い切って打ち明けること,夜明けの光が見えるまで一晩中全く眠らずに起きていること,転んで顔をぶつけてしまい急に鼻血を吹き出してしまうこと
118,4,ことわざ,「釈迦に説法」の意味は？,自分よりはるかに詳しいプロに向かって教えようとする見苦しい愚かさのこと,お寺に集まってお坊さんと一緒にお経を長く読むこと,偉大な仏様に向かって静かに手を合わせてお祈りをすること,学校の先生のとてもありがたいお話を静かに聞くこと,お釈迦様が誰も見たことない不思議な魔法を使うこと
119,4,類義語・対義語,「原因」の対義語（反対の意味）は？,結果,理由,発端,始まり,過程
120,4,文法,「見る」の謙譲語（自分がへりくだる言い方）は？,拝見する,ご覧になる,見られる,お見せする,見ます
121,5,四字熟語,「絶体絶命」の意味は？,どうしても逃れられないような非常に困難な立場に追い込まれること,上司や先輩の命令は絶対に聞かなければならないという厳しいルール,怪我や病気でいよいよ寿命が完全に尽きてしまう直前のこと,どんなに強い相手と戦っても絶対に負けない自信があること,突然体が金縛りにあって一歩も動かなくなってしまうこと
122,5,慣用句,「歯が浮く」の意味は？,お世辞などの気障なセリフを聞かされてとても不快な気持ちになること,虫歯が悪化してしまい大切な歯が抜けてしまうこと,歯医者さんに行って痛い虫歯の治療をしてもらうこと,夏の海に出かけて浮き輪に浮かんでぷかぷかと遊ぶこと,毎日の歯磨きをしっかりして口の中がスッキリすること
123,5,ことわざ,「瓢箪から駒」の意味は？,単なる冗談で言ったことが本当に現実のこととして起こってしまうこと,小さな瓢箪の中からいきなり大きな馬が飛び出してくること,昔ながらの駒というおもちゃを上手に回して遊ぶこと,栄養が足りなくてひょろひょろに痩せ細ってしまった馬のこと,畑で採れた野菜を使って手作りのおもちゃを作ること
124,5,類義語・対義語,「悲観」の対義語（反対の意味）は？,楽観,絶望,失望,安心,後悔
125,5,文法,「いる」の尊敬語（相手を高める言い方）は？,いらっしゃる,おる,います,いられる,ある
126,1,四字熟語,「千載一遇」の意味は？,千年に一度しかないようなまたとない非常に素晴らしいチャンスのこと,同じ人と偶然にも千回くらいばったり出会ってしまうこと,願い事を叶えるために千羽の鶴を一生懸命に折ること,生きている間に一度しか会えないとても不思議な運命のこと,久しぶりに偶然道端で昔の友達とばったり会うこと
127,1,慣用句,「足が棒になる」の意味は？,歩き疲れて足がこわばること,足が長くなること,足に棒が刺さること,立ちっぱなしで怒ること,杖をついて歩くこと
128,1,ことわざ,「猿知恵」の意味は？,人間が考えるような浅はかで全く役に立たないようなつまらない知恵のこと,猿のように動物の中ではとても賢くて頭が良いこと,猿が木から絶対に落ちないように工夫したすごい知恵のこと,野生の動物を傷つけずに大切に保護するための知恵のこと,猿がバナナをとても上手に早く剥いておいしく食べる知恵のこと
129,1,類義語・対義語,「過去」の対義語（反対の意味）は？,未来,現在,昔,歴史,昨日
130,1,文法,「高い」は何詞？,形容詞,動詞,名詞,形容動詞,助詞
131,2,四字熟語,「日進月歩」の意味は？,日ごと月ごとに絶えず驚くようなスピードでどんどん進歩し続けること,健康のために毎日少しずつ休まずにウォーキングすること,宇宙飛行士になって遠く離れた月面を歩くこと,月が変わるたびに壁掛けカレンダーのページをめくること,夕方に日が沈んで暗くなると明るい月が出てくること
132,2,慣用句,「首を長くする」の意味は？,期待して待ち焦がれること,ろくろ首のお化けのこと,背伸びをして遠くを見ること,首を鍛えること,退屈して眠くなること
133,2,ことわざ,「覆水盆に返らず」の意味は？,一度してしまった失敗は二度と取り返しがつかないという厳しい教えのこと,誤ってこぼしてしまった水をお盆でなんとか受け止めようとすること,夏のお盆休みの時期にお墓にきれいな水をまくこと,食事を運んでいる時にお盆ごとひっくり返して全部こぼすこと,服も靴も汚れてしまうから泥水で激しく水遊びをしてはいけないこと
134,2,類義語・対義語,「勝利」の対義語（反対の意味）は？,敗北,優勝,失敗,成功,大勝
135,2,文法,「そして」は何詞？,接続詞,名詞,動詞,副詞,助詞
136,3,四字熟語,「有名無実」の意味は？,名前ばかりが立派に響いているだけで実際は中身が全く伴っていないこと,山で採れるとても美味しくて有名な珍しい木の実のこと,誰もが知っている有名な人が実はもうこの世にはいないということ,名前に恥じないくらい実力もとても素晴らしいレベルであること,名前がまだついていなくて誰もその存在を知らないこと
137,3,慣用句,「手を抜く」の意味は？,丁寧にやるべきことの手順を省略していい加減に済ませてしまうこと,冬の寒い日に外から帰ってきて手につけていた手袋を脱ぐこと,ズボンのポケットから急いで両手を出して作業を始めるこること,病気を治すために病院でとても難しい手術をしてもらうこと,迷子にならないように友達や家族と手をつないで引っ張ること
138,3,ことわざ,「井の中の蛙」の意味は？,狭い世界のことしか知らずもっと広い世界があることを全く知らないこと,カエルという生き物は暗くて狭い井戸の中が大好きだということ,古くて深い井戸の中にカエルを入れて飼い始めること,明るい場所よりも暗いところのほうが落ち着いて好きだということ,カエルは水の中をとても上手に泳ぐことができる生き物だということ
139,3,類義語・対義語,「労働」の類義語（似た意味）は？,作業,休憩,睡眠,食事,遊び
140,3,文法,「来る」の尊敬語（相手を高める言い方）は？,いらっしゃる,参る,来る,おいでする,来られる
141,4,四字熟語,「針小棒大」の意味は？,小さなことを大げさに言うこと,針のような棒のこと,針と棒を使って裁縫すること,痛い思いをすること,小さな針を大きく見せるマジック
142,4,慣用句,「胸をなでおろす」の意味は？,安心すること,胸が痛くなること,胸ぐらをつかむこと,ドキドキして落ち着かないこと,お腹が空くこと
143,4,ことわざ,「ぬかに釘」の意味は？,いくらやってもこれといった手ごたえがなく全く効き目がないことの例え,不器用で大工仕事の釘を打つのがとても下手なこと,美味しいぬか漬けの色を良くするために鉄の釘を入れること,とても硬い石などの上に無理やり釘を打とうとすること,プロの大工さんが家を建てるための素晴らしい仕事のこと
144,4,類義語・対義語,「集合」の対義語（反対の意味）は？,解散,集中,分散,会議,集まり
145,4,文法,「言う」の謙譲語（自分がへりくだる言い方）は？,申す,おっしゃる,言われる,言います,お言いになる
146,5,四字熟語,「羊頭狗肉」の意味は？,見かけだけ立派で中身が伴わないこと,羊と犬のお肉を食べること,羊の頭に犬の体をくっつけること,動物の肉を売るお店のこと,美味しいお肉の料理
147,5,慣用句,「青菜に塩」の意味は？,しょんぼりしてすっかり元気をなくしてしおれてしまっている様子のこと,新鮮な野菜に塩をかけてサラダにして美味しく食べること,真っ青な服を着て夏に涼しい海へ遊びに行くこと,激しく怒って顔の色が真っ青になってしまう様子のこと,レストランのシェフのようにとても料理が上手なこと
148,5,ことわざ,「骨折り損のくたびれ儲け」の意味は？,苦労しただけで何も得るところがないこと,骨を折るほど働いてお金持ちになること,疲れるまで遊ぶこと,骨折の治療にお金がかかること,一生懸命働けば報われること
149,5,類義語・対義語,「軽率」の対義語（反対の意味）は？,慎重,軽快,軽薄,重厚,簡単
150,5,文法,「する」の謙譲語（自分がへりくだる言い方）は？,いたす,なさる,される,します,おする
151,1,四字熟語,「誠心誠意」の意味は？,全く嘘をつくことなく深い真心をもって真剣に物事に当たること,自分が悪いことをしたと認めて相手に何度も何度も繰り返し謝ること,外の出来事に全く興味を失って完全に心を閉ざしてしまうこと,誠という名前を持つとても正直で真面目な性格の人のこと,誰に何を言われても自分の意見を絶対に曲げず押し通すこと
152,1,慣用句,「目を光らせる」の意味は？,何か怪しいことが起きないかどうかを周囲に厳しく目を配って見張ること,スーパーヒーローのように目から強力なビームを出すこと,真っ暗な場所でも物がはっきりと見える特殊な能力を持つこと,感動して涙を浮かべたために目がキラキラと光り輝いていること,信じられないものを見てしまって驚いて目を極限まで大きく開けること
153,1,ことわざ,「鬼の目にも涙」の意味は？,どんなに無慈悲で恐ろしい人でも時には優しい思いやりを見せること,いつもは怖い鬼が自分の非を認めて泣いて謝ること,涙が出ないから目薬をさして泣いているふりをすること,鬼という生き物は意外にもよく泣く泣き虫だということ,夜寝ている時にとても怖い夢を見て泣きながら起きてしまうこと
154,1,類義語・対義語,「出発」の類義語（似た意味）は？,開始,到着,帰宅,終了,停止
155,1,文法,「花」は何詞？,名詞,動詞,形容詞,副詞,接続詞
156,2,四字熟語,「公明正大」の意味は？,公平で隠し立てがなく正しいこと,公園で大きく遊ぶこと,明るい場所で本を読むこと,名前を大きく書くこと,大声で正しいことを言うこと
157,2,慣用句,「肩を落とす」の意味は？,結果にひどくがっかりしてすっかり元気をなくしてしまうこと,持っていた重い荷物を地面にドスンと下ろすこと,スポーツの最中に激しくぶつかって肩の骨を脱臼すること,疲れた時に誰かに優しく肩を揉んでもらってリラックスすること,生まれつき肩が下がっているようになで肩であること
158,2,ことわざ,「月とすっぽん」の意味は？,二つのものの性質が違いすぎて全く比較にならないことの例え,きれいな満月を見ながらみんなで温かい鍋料理を食べること,本当は飛べないすっぽんが羽を生やして空を飛ぶこと,丸いボールや月のようなまん丸のものの形のこと,性格や見た目がそっくりな似た者同士の二人のこと
159,2,類義語・対義語,「賛成」の対義語（反対の意味）は？,反対,同意,納得,協力,無視
160,2,文法,「読む」の丁寧語はどれ？,読みます,読まれる,お読みになる,読ませる,拝読する
161,3,四字熟語,「本末転倒」の意味は？,本当に大事なことと全くつまらないことがすっかり逆になってしまうこと,両手で抱えていた重い本をうっかり落としてしまって転ぶこと,とても分厚い長い本を諦めずに最後まで全部読み切ること,走っている最中に大きく転んでしまい大怪我をすること,本の最初と最後のページを間違えて読んでしまうこと
162,3,慣用句,「気が重い」の意味は？,これから何かをするのが嫌で心がすっかり沈んで落ち込んでしまうこと,食べ過ぎてしまって急激に体重がたくさん増えること,風邪をひいて熱が出て頭がとても重くてひどく痛くなること,部屋の中の空気がよどんでいて息苦しくなってしまうこと,モチベーションが上がりやる気に満ちあふれていること
163,3,ことわざ,「類は友を呼ぶ」の意味は？,趣味や性格が似た者同士は特に何も言わなくても自然と集まるということ,遠くにいる友達に向かって大声で名前を呼ぶこと,野生の動物たちが森の中にたくさん集まってくること,クラスの中で話せる友達がとても少ないということ,自分とは全く違う性格の人と仲良くなって親友になること
164,3,類義語・対義語,「短所」の対義語（反対の意味）は？,長所,欠点,弱点,不良,悪所
165,3,文法,「くれる」の尊敬語（相手を高める言い方）は？,くださる,いただく,もらう,くれます,あげる
166,4,四字熟語,「単刀直入」の意味は？,前置きなしにすぐ本題に入ること,一本の刀で敵に突っ込むこと,真っ直ぐな刀のこと,一人で迷路に入ること,遠回りをして話すこと
167,4,慣用句,「顔に泥を塗る」の意味は？,恥をかかせること,泥遊びをして顔が汚れること,泥パックをして肌をきれいにすること,転んで顔をぶつけること,絵の具で顔に落書きすること
168,4,ことわざ,「帯に短したすきに長し」の意味は？,中途半端な長さのためどちらの用途にも全く役に立たないこと,帯とたすきの長さを定規で測ってどっちが長いか比べること,子どもの背が急に伸びて昔の服が全く合わなくなること,和服の着付けが下手で帯やたすきをうまく結べないこと,自分の体にちょうどいいピッタリのサイズの服のこと
169,4,類義語・対義語,「複雑」の類義語（似た意味）は？,ややこしい,単純,簡単,明快,容易
170,4,文法,「もらう」の謙譲語（自分がへりくだる言い方）は？,いただく,くださる,もらう,もらえる,拝借する
171,5,四字熟語,「孤軍奮闘」の意味は？,味方からの助けが全くない中でたった一人で一生懸命に努力して戦うこと,大勢の軍隊が森の中で一人ぼっちで迷子になってしまうこと,ピンチの時こそみんなで力を合わせて助け合いながら強敵と戦うこと,怒りに任せて周りのものを壊しながらたった一人で暴れ回ること,敵が強すぎて怖くなり戦うのを途中でやめて一目散に逃げること
172,5,慣用句,「目を疑う」の意味は？,信じられないものを見て驚くこと,視力が悪くなったと心配すること,他人の目を気にすること,目薬を間違えること,まぶしくて目を細めること
173,5,ことわざ,「紺屋の白袴」の意味は？,他人のために忙しく働きすぎて肝心の自分のことに全く手が回らないこと,真っ青な服の下に真っ白なズボンを合わせるファッションのこと,汚れた袴を洗濯機で洗って真っ白できれいな状態にすること,染め物屋さんが仕事をサボって遊んでばかりいること,お出かけの前に鏡を見ておしゃれにとても気を使うこと
174,5,類義語・対義語,「偶然」の対義語（反対の意味）は？,必然,突然,自然,奇跡,たまたま
175,5,文法,「行く」の尊敬語（相手を高める言い方）は？,いらっしゃる,参る,行かれます,行く,伺う
176,1,四字熟語,「一心不乱」の意味は？,よそ見をせずに一つのことだけに集中して他のことに一切気をとられないこと,一つの心がバラバラに乱れてしまいパニックに陥ること,みんなの心を一つにまとめて大きなチームワークを作ること,一生懸命走ったせいでとても息が乱れて苦しくなること,何も難しいことを考えずにただただボーッと過ごすこと
177,1,慣用句,「手を貸す」の意味は？,手伝うこと,手袋を貸してあげること,握手をすること,手を洗ってあげること,お金を貸すこと
178,1,ことわざ,「頭隠して尻隠さず」の意味は？,自分の悪事や欠点を完全に隠したつもりでも実は一部が丸見えであること,ズボンが破れてしまってお尻が丸出しになっているとても恥ずかしい状態,外出する時に頭に温かい帽子を深くかぶって出かけること,かくれんぼで鬼になり周りを見ないように目を隠していること,とても恥ずかしくて思わず両手で自分の顔をすっかり隠すこと
179,1,類義語・対義語,「幸福」の対義語（反対の意味）は？,不幸,幸運,裕福,満足,平和
180,1,文法,「歩く」は何詞？,動詞,名詞,形容詞,副詞,接続詞
181,2,四字熟語,「空前絶後」の意味は？,遥かな過去にも遠い未来にも全く例がないほど非常に珍しい出来事,空が広がっている前で絶望してうずくまり倒れてしまうこと,一日中ご飯を食べなくてお腹がペコペコに空いてしまうこと,並んでいる列で自分の前にも後ろにも全く人がいないこと,日常生活の中でしょっちゅう起こるよくある普通のこと
182,2,慣用句,「足を引っ張る」の意味は？,他人の成功や前進の邪魔をすること,転んだ人を助け起こすこと,足のストレッチをすること,綱引きをすること,足首をつかんでイタズラすること
183,2,ことわざ,「トンビが鷹を生む」の意味は？,ごく平凡な普通の親からとても優れた優秀な子どもが生まれること,ある鳥が全く違う種類の別の鳥の卵を一生懸命温めること,高い空を悠々と飛んでいく大きくて立派な鳥のこと,素晴らしい親から生まれたのに子どもは全くダメになってしまうこと,大きくて強い鷹が自分より小さいトンビをいじめること
184,2,類義語・対義語,「失敗」の類義語（似た意味）は？,ミス,成功,勝利,大勝,後悔
185,2,文法,「しかし」は何詞？,接続詞,副詞,名詞,助詞,動詞
186,3,四字熟語,「奇想天外」の意味は？,普通の人では到底思いつかないような非常に変わった面白い思いつき,遠い宇宙のかなたから地球にやってきた正体不明のエイリアンのこと,誰も見たことのないような空を自由に飛ぶ不思議な乗り物,明日の天気を予想して周りのみんなに教えてあげること,誰もがすぐに頭の中で考えるようなごくごく普通のこと
187,3,慣用句,「胸を張る」の意味は？,自信にあふれて堂々としていること,深呼吸をして胸を大きくすること,服の胸のサイズが合わないこと,怒って相手をにらみつけること,緊張してガチガチになること
188,3,ことわざ,「笑う門には福来たる」の意味は？,いつもニコニコ笑って明るい家には自然と幸福がやってくるということ,おかしなテレビを見て笑いすぎるとお腹がひどく痛くなるということ,家の門の真ん前で一人でずっと笑っていると怪しまれるということ,お正月に福袋を買って中身を見て楽しく笑うこと,毎日泣いてばかりいると悪いことが起きて不幸になるということ
189,3,類義語・対義語,「肯定」の対義語（反対の意味）は？,否定,賛成,絶対,確認,決定
190,3,文法,「会う」の謙譲語（自分がへりくだる言い方）は？,お目にかかる,お会いになる,会われる,会います,お会いする
191,4,四字熟語,「臨機応変」の意味は？,その場その場の状況の変化に合わせて柔軟に適切に対応すること,工場にある大きな機械が壊れてしまったので急いで修理すること,急に体調が悪くなったので病院に行って応急処置をしてもらうこと,道を歩いている時に変な人にいきなり声をかけられて少し驚くこと,どんな状況でも絶対にやり方を変えずにいつも同じやり方を通すこと
192,4,慣用句,「舌を出す」の意味は？,陰で相手を馬鹿にすること,熱いものを食べて火傷すること,美味しいものを見てよだれを出すこと,あっかんべーをして遊ぶこと,嘘をつくこと
193,4,ことわざ,「餅は餅屋」の意味は？,専門的なことはやっぱり素人よりその道の専門家に任せるのが一番良い,お正月用のおいしいお餅はお餅屋さんで買うべきだということ,お正月などのおめでたい日には必ずお餅をたくさん食べるべきだ,お餅は醤油をつけてコンロで焼いて食べるのが一番美味しい,専門家に頼まなくても何でもかんでも自分でやったほうがいい
194,4,類義語・対義語,「原因」の類義語（似た意味）は？,理由,結果,解決,発端,過程
195,4,文法,「知る」の尊敬語（相手を高める言い方）は？,ご存じだ,存じる,知られる,知ります,お知りになる
196,5,四字熟語,「竜頭蛇尾」の意味は？,最初は勢いが良いが最後は振るわないこと,竜の頭としっぽの形のこと,蛇が竜に進化すること,頭からしっぽまで全部食べられること,最後まで勢いがあること
197,5,慣用句,「手に汗を握る」の意味は？,興奮したり緊張したりしてハラハラすること,暑くて手に汗をかくこと,汗をかいた手で握手をすること,手に持ったものを落とさないようにすること,リラックスして落ち着いていること
198,5,ことわざ,「転ばぬ先の杖」の意味は？,失敗しないようにあらかじめしっかりといろいろな準備をしておくこと,道端で転んでしまった時に持っていた杖を地面につくこと,足腰が弱くなったおじいちゃんに立派な杖をプレゼントすること,怪我をしないように杖をついて上手に歩く練習をしておくこと,大きな失敗をしてからひどく後悔して深く反省すること
199,5,類義語・対義語,「創造」の対義語（反対の意味）は？,破壊,発明,建設,想像,発展
200,5,文法,「着る」の尊敬語（相手を高める言い方）は？,お召しになる,着られる,着ます,お着りになる,拝着する
201,1,四字熟語,「春夏秋冬」の意味は？,四つの季節のこと,春と夏だけのこと,秋と冬だけのこと,一年じゅう休むこと,季節が変わらないこと
202,1,慣用句,「首をひねる」の意味は？,疑問に思って考えること,首の体操をすること,首が痛くなること,振り向いて後ろを見ること,眠くて首がカクンとすること
203,1,ことわざ,「早起きは三文の徳」の意味は？,朝早く起きると良いことがたくさんあるから早起きは良いことだということ,朝早く起きるとなぜかどこからかお金がもらえる不思議なこと,朝一番に起きて近くの美味しいパン屋さんまでパンを買いに行くこと,朝早く起きると一日中ずっと眠くてとても疲れるということ,健康のために朝ごはんは必ず三口だけでも食べるべきだということ
204,1,類義語・対義語,「増加」の対義語（反対の意味）は？,減少,拡大,発展,追加,上昇
205,1,文法,「走る」は何詞？,動詞,名詞,形容詞,副詞,助詞
206,2,四字熟語,「五里霧中」の意味は？,現状がどうなっているかどうすればいいか全くわからない状態に陥ること,五キロも先まで濃い霧が広がっていて周りの景色が全く見えないこと,濃い霧の中で友達と一緒にかくれんぼをして遊んで楽しむこと,仲の良い五人で高い山へ山登りに出かけて頂上を目指すこと,朝の濃い霧がすっかり晴れて視界が良くなりスッキリすること
207,2,慣用句,「耳が痛い」の意味は？,他人の注意が自分の弱点をピタリとついていてとても聞くのがつらいこと,プールに入った後などに中耳炎になってしまい耳の奥がひどく痛むこと,突然すぐ近くで大きな音を聞いて鼓膜がおかしくなってしまうこと,普段からイヤホンをつけすぎているため耳が悪くなってしまうこと,誰かに耳を強く引っ張られて痛くて大きな声で泣いてしまうこと
208,2,ことわざ,「弘法筆を選ばず」の意味は？,名人は道具の良し悪しを気にしないこと,筆の選び方がわからないこと,弘法大師は筆を持っていなかったこと,筆を使わずに字を書くこと,良い筆を買うお金がないこと
209,2,類義語・対義語,「簡単」の類義語（似た意味）は？,容易,困難,複雑,面倒,難解
210,2,文法,「ゆっくりと」は何詞？,副詞,形容詞,動詞,名詞,接続詞
211,3,四字熟語,「七転八起」の意味は？,何度何度失敗してもその度に立ち上がって諦めずに努力し続けること,地面で七回転んだ後にやっと八回目で起き上がることができること,原っぱで七回もゴロゴロと転がって友達と楽しく遊ぶこと,注意力散漫で何度も何度も転んでしまい大きなケガを繰り返すこと,夜更かしが大好きで毎朝起きるのが非常に苦手だということ
212,3,慣用句,「口を挟む」の意味は？,他人が楽しく話している途中にいきなり割り込んで自分の話をすること,急いで食べているため一度に口の中に食べ物をたくさん入れすぎること,閉まるドアのすきまに誤って口を挟まれてしまい痛い思いをすること,自分からは何も言わずにただ黙って他の人の話を聞いていること,歯医者さんに行って治療のために大きく口を長い時間開けること
213,3,ことわざ,「親しき仲にも礼儀あり」の意味は？,どんなに仲が良くて気心が知れていても最低限守るべき礼儀があるということ,気の置けない仲良しなら堅苦しい礼儀など一切必要ないということ,親戚の家に遊びに行った時は必ず最初にお辞儀をしなければならないこと,仲の良い人同士とはすれ違うたびに何度もお辞儀をし合うこと,あまりに礼儀正しすぎる人はかえって友達ができにくいということ
214,3,類義語・対義語,「供給」の対義語（反対の意味）は？,需要,消費,生産,販売,購入
215,3,文法,「おっしゃる」は何語？,尊敬語,謙譲語,丁寧語,美化語,俗語
216,4,四字熟語,「千差万別」の意味は？,種類や違いが非常にたくさんあること,千円札と一万円札の違い,千回間違えること,全てが全く同じであること,千人と万人のグループに分かれること
217,4,慣用句,「肩を持つ」の意味は？,味方になって応援すること,重い荷物を肩に担ぐこと,肩もみをしてあげること,肩幅が広いこと,肩を組んで歩くこと
218,4,ことわざ,「火のない所に煙は立たない」の意味は？,これといったうわさが立つからには必ず大元となる何かしら原因があるはずだということ,火事が起きた時は火よりも煙を吸うことのほうが危険だから気をつけること,モクモクと煙がどこかから出たらそこに火をつけるようにするという教え,健康のためにいつでもどこでもタバコを吸ってはいけないという決まりのこと,煙がたくさん出ているとそれが原因で燃え広がっている火を消してしまうこと
219,4,類義語・対義語,「絶対」の対義語（反対の意味）は？,相対,確実,必然,偶然,永遠
220,4,文法,「読む」の謙譲語（自分がへりくだる言い方）は？,拝読する,お読みになる,読まれる,読みます,読ませる
221,5,四字熟語,「暗中模索」の意味は？,なんの手がかりもないままにあれこれと色々な手立てを探し求めること,真っ暗な場所に入って友達とスリル満点のかくれんぼをして遊ぶこと,停電した暗い部屋の中で周りの壁を手探りで触りながらゆっくり歩くこと,明日の難しいテストに向けて教科書の内容を必死に暗記しようとすること,電気を完全に消して真っ暗にした部屋でぐっすりと寝ること
222,5,慣用句,「二の足を踏む」の意味は？,ためらってしりごみすること,二歩目を踏み出すこと,足踏みをして運動すること,二人で一緒に歩くこと,前に進む決心をすること
223,5,ことわざ,「雨降って地固まる」の意味は？,揉め事などがあった後はかえって基礎が固まり以前より良い状態になること,たくさん雨が降ると地面がひどくぬかるんで歩きにくくなること,雨が降った後のグラウンドは運動会がとてもしやすくなるということ,次から次へと揉め事が雨のようにたくさん降り注いでくること,今日は雨がたくさん降っているから外に出ないほうが安全だということ
224,5,類義語・対義語,「総合」の対義語（反対の意味）は？,分析,集合,まとめる,拡大,全体
225,5,文法,「借りる」の謙譲語（自分がへりくだる言い方）は？,拝借する,お借りになる,借りられる,借ります,貸す
226,1,四字熟語,「東西南北」の意味は？,四つの方向のこと,東と西だけのこと,南と北だけのこと,迷子になること,日本中を旅行すること
227,1,慣用句,「手が空く」の意味は？,暇になること,手に何も持っていないこと,手を広げてバンザイすること,手をきれいに洗うこと,忙しくてたまらないこと
228,1,ことわざ,「時は金なり」の意味は？,時間は人生においてお金と同じくらいかそれ以上に大切だということ,無駄な時間を我慢して過ごしていればそのうちは勝手にお金が増えること,新しくてお洒落な時計を買うためにはとてもたくさんのお金がかかること,自分の余っている時間を誰か必要とする人に売ってお金にすること,お金がたくさんあれば楽しい時間をいくらでも買えるということ
229,1,類義語・対義語,「安心」の対義語（反対の意味）は？,心配,安全,安定,満足,平和
230,1,文法,「りんご」は何詞？,名詞,動詞,形容詞,副詞,接続詞
231,2,四字熟語,「自画自賛」の意味は？,自分の行動や自分の作ったものをまるで他人のように自分で褒め称えること,鏡を見ながら自分自身の顔をキャンバスに丁寧に自画像として描くこと,自分が時間をかけて一生懸命に描いた絵を個展で高く売ること,自分自身の犯した失敗に対して自分で自分を厳しく怒ること,他の人が描いた美しい絵を見て心からとても感心して褒めること
232,2,慣用句,「首を突っ込む」の意味は？,関心を持って深く関わること,穴の中に首を入れること,首が長くなること,転んで首をぶつけること,首をすくめて隠れること
233,2,ことわざ,「失敗は成功のもと」の意味は？,失敗を反省すれば次の成功につながること,失敗すると絶対に成功しないこと,失敗の理由は成功の中にあること,成功するためには必ず失敗しなければならないこと,失敗をごまかすこと
234,2,類義語・対義語,「理解」の類義語（似た意味）は？,納得,誤解,混乱,疑問,失敗
235,2,文法,「美しい」は何詞？,形容詞,動詞,名詞,副詞,接続詞
236,3,四字熟語,「馬耳東風」の意味は？,他人の意見や忠告を全く気にも留めずに右から左へ聞き流すこと,走っている馬の耳に強い風がビュービューと激しく当たること,東の方角から吹いてくる強い風に乗って馬が勢いよく走ること,馬に向かって人間の言葉を一生懸命に教えようとすること,春に吹いてくるとても暖かくて気持ちの良い東風のこと
237,3,慣用句,「骨を休める」の意味は？,休息をとって疲れをとること,骨折の治療をすること,骨付き肉を食べること,寝転がってゴロゴロすること,お墓参りをすること
238,3,ことわざ,「かわいい子には旅をさせよ」の意味は？,本当に愛する子どもには甘やかさずにしっかり苦労を経験させるべきだ,とても可愛い子どもを連れて家族みんなで楽しい旅行に行くこと,危ないから子どもを一人だけで遠くへ旅行させてはいけないこと,子どもはみんな旅行をして知らない場所へ行くのが大好きだということ,旅行へ出かけた先でとても可愛らしい素敵な子どもに出会うこと
239,3,類義語・対義語,「需要」の類義語（似た意味）は？,要求,供給,提供,販売,生産
240,3,文法,「言う」の尊敬語（相手を高める言い方）は？,おっしゃる,申す,言われる,言います,お言いになる
241,4,四字熟語,「無我夢中」の意味は？,心を奪われて我を忘れること,夢の中で自分が消えてしまうこと,夢を見るのを忘れること,夢に向かって努力すること,寝言を言うこと
242,4,慣用句,「鼻にかける」の意味は？,自慢すること,鼻にアクセサリーをつけること,匂いをかぐこと,鼻水をティッシュでかむこと,メガネを鼻にかけること
243,4,ことわざ,「知らぬが仏」の意味は？,本当の事実を知らなければ仏様のように腹も立たず穏やかな気持ちでいられる,どんなに偉大な仏様でも世の中のことすべてを知っているわけではないこと,近くのお寺に出向いて立派な仏像に向かって静かにお祈りをすること,仏様の顔がどんな顔だったか歴史上誰も知っている人はいないということ,悪いことをしてしまっても他人のふりをして知らんぷりをしておくこと
244,4,類義語・対義語,「具体」の対義語（反対の意味）は？,抽象,明確,詳細,はっきり,簡単
245,4,文法,「来る」の謙譲語（自分がへりくだる言い方）は？,参る,いらっしゃる,おいでになる,来られる,来ます
246,5,四字熟語,「厚顔無恥」の意味は？,厚かましくて恥を知らないこと,顔が分厚くて熱さを感じないこと,恥ずかしくて顔が赤くなること,厚化粧をして顔を隠すこと,恥ずかしがり屋のこと
247,5,慣用句,「気が気でない」の意味は？,心配で落ち着かないこと,気分が悪くなること,やる気が出ないこと,天気がころころ変わること,気が合わないこと
248,5,ことわざ,「出る杭は打たれる」の意味は？,優れた才能があって周囲より目立つ人は他人から妬まれ邪魔されやすいこと,地面から杭が高く飛び出ていると足をつまづいてしまって危ないこと,板から飛び出た危ない釘を金槌を使ってしっかりと打ち込むこと,調子に乗って人の前に出過ぎるとあとで先生からひどく怒られること,家を建てるために邪魔にならないよう地面に深く杭を打つこと
249,5,類義語・対義語,「創造」の類義語（似た意味）は？,創作,破壊,模倣,真似,コピー
250,5,文法,「する」の尊敬語（相手を高める言い方）は？,なさる,いたす,される,します,おする
251,1,四字熟語,「年中無休」の意味は？,一年間まったく休みがないこと,一年中休むこと,夏休みと冬休みだけあること,毎日が日曜日になること,昼間だけ休むこと
252,1,慣用句,「耳を貸す」の意味は？,相手の話を聞いてあげること,耳のイヤホンを貸すこと,耳を切ってあげること,大きな声で話すこと,耳打ちをすること
253,1,ことわざ,「三度目の正直」の意味は？,物事は一度や二度失敗しても三度目には必ず期待通りの結果になるということ,三回同じ嘘をついているといつの間にかそれが本当のことになってしまうこと,一回目と二回目は嘘をついても三回目だけは正直に話しなさいということ,どんなに難しいことでも三回までは失敗しても許されるということ,どんなに楽しいことでも同じことを三回もやると飽きてしまうということ
254,1,類義語・対義語,「希望」の対義語（反対の意味）は？,絶望,願望,期待,夢,満足
255,1,文法,「走る」の丁寧語はどれ？,走ります,走られる,お走りになる,走らせる,走らされる
256,2,四字熟語,「一朝一夕」の意味は？,非常に短い時間のこと,一日中ずっとのこと,朝と夕方だけのこと,朝早く起きて夕方に寝ること,一ヶ月間ずっとのこと
257,2,慣用句,「息を呑む」の意味は？,驚いて一瞬息を止めること,息を吸い込んで大きくすること,水を急いで飲むこと,深呼吸をして落ち着くこと,息が臭くなること
258,2,ことわざ,「百聞は一見に如かず」の意味は？,何度も聞くより一度見るほうがよくわかる,百回聞けば一回見たのと同じこと,百回聞かないと覚えられないこと,見るよりも聞くほうが大事だということ,一回見たら百回聞くべきだ
259,2,類義語・対義語,「自然」の対義語（反対の意味）は？,人工,天然,偶然,必然,景色
260,2,文法,「美しい」の丁寧語はどれ？,美しいです,美しくられる,お美しくなる,美しませる,美しゅうございます
261,3,四字熟語,「八方美人」の意味は？,誰に対しても愛想よく振る舞うこと,八方向どこから見ても美しい人,八人の美しい人のこと,周囲の八人を綺麗にすること,顔が八つあるお化け
262,3,慣用句,「手塩にかける」の意味は？,自ら大切に世話をして育てること,手に塩をつけておにぎりを握ること,手に塩をすり込んで痛めつけること,料理に塩をたくさんかけること,汗をかいて塩をふくこと
263,3,ことわざ,「五十歩百歩」の意味は？,少しの違いはあるように見えても本質的には全く同じで大差がないこと,競争で五十歩も歩いたらあとで疲れて百歩分休むことになるということ,かけっこの競争で相手との差が大きく開いて五十歩分も差がつくこと,百歩歩くというのは五十歩歩くのに比べてちょうどその二倍疲れるということ,毎日最低でも五十歩か百歩は歩かないと健康になれないということ
264,3,類義語・対義語,「客観」の対義語（反対の意味）は？,主観,全体,観察,偏見,評価
265,3,文法,「食べる」の尊敬語（相手を高める言い方）は？,召し上がる,いただく,食う,食べます,お食べする
266,4,四字熟語,「大義名分」の意味は？,行動の裏付けとなる正当な理由,大きな字で名前を書くこと,大きな会議で名前を呼ばれること,立派な名前をつけてもらうこと,言い訳をして逃げること
267,4,慣用句,「尻尾を巻く」の意味は？,降参して逃げ出すこと,犬が嬉しくて尻尾を振ること,尻尾に包帯を巻くこと,尻尾を相手に巻きつけること,最後までやり遂げること
268,4,ことわざ,「急いては事を仕損じる」の意味は？,焦ると失敗しやすいから落ち着くべきだ,急げば急ぐほど早く終わる,失敗した時は急いで逃げるべきだ,急いで仕事を終わらせろ,急いでいる時は失敗しても仕方がない
269,4,類義語・対義語,「需要」の対義語（反対の意味）は？,供給,消費,欲求,購入,注文
270,4,文法,「もらう」の謙譲語（自分がへりくだる言い方）は？,いただく,くださる,もらう,もらえる,拝借する
271,5,四字熟語,「呉越同舟」の意味は？,仲の悪い者同士が同じ場所にいること,呉と越の国が仲良く船に乗ること,船の中で喧嘩をして沈むこと,大きな船を協力して造ること,海を渡って外国に行くこと
272,5,慣用句,「歯牙にもかけない」の意味は？,全く問題にせず無視すること,歯医者に行かないこと,歯磨きをしないこと,歯を見せて笑うこと,歯並びを気にしないこと
273,5,ことわざ,「医者の不養生」の意味は？,立派で正しいことを他人に言いながら自分自身の実行が全く伴わないこと,病気を治す医者が自分の健康管理を忘れて病気になってしまうこと,医者は他人の病気を診るのに忙しくて自分は長生きできないということ,健康を崩してしまい遠くの大きな病院に長期間入院すること,健康を維持するために普段から薬を飲んだり医者に行かないこと
274,5,類義語・対義語,「浪費」の対義語（反対の意味）は？,節約,消費,無駄,出費,買い物
275,5,文法,「行く」の尊敬語（相手を高める言い方）は？,いらっしゃる,参る,行かれます,行く,伺う
276,1,四字熟語,「起承転結」の意味は？,物事や文章の構成の順序のこと,起きたり転んだりして遊ぶこと,朝起きて夜寝ること,話がコロコロ変わること,物事が全く進まないこと
277,1,慣用句,「手を焼く」の意味は？,相手の扱いに困ってしまいどう対応していいかわからずすっかり持て余すこと,火のそばにいてうっかり手を近づけすぎて火傷をしてしまうこと,材料をこねてオーブンを使って美味しい手作りパンを焼くこと,冬の寒い日に両手をこすり合わせて少しでも温めようとすること,相手の冷たい手を両手でぎゅっと握って優しく温めてあげること
278,1,ことわざ,「石橋を叩いて渡る」の意味は？,とても用心深く物事を行うこと,石の橋を壊して渡れなくすること,石を叩いて音楽を鳴らすこと,橋の上で喧嘩をすること,丈夫な橋は叩いても壊れないこと
279,1,類義語・対義語,「開始」の対義語（反対の意味）は？,終了,出発,進行,失敗,中断
280,1,文法,「静かだ」は何詞？,形容動詞,形容詞,名詞,動詞,副詞
281,2,四字熟語,「自暴自棄」の意味は？,やけを起こしてどうにでもなれと自分自身の体を粗末に扱うこと,自分から進んで周りのものを壊したりするくらい暴れ出すこと,自分に襲いかかってくる危険から自分のことを自分で守ること,話し合いの途中で自分の意見を周りに無理やり通そうとすること,買ったばかりの自転車をわざと乱暴に運転して走ること
282,2,慣用句,「首が回らない」の意味は？,借金が多くてどうにもならないこと,寝違えて首が痛いこと,忙しすぎて振り向く暇もないこと,ネクタイがきつすぎること,首が短くて太いこと
283,2,ことわざ,「立て板に水」の意味は？,すらすらとよどみなく話すこと,板に水をかけて滑りやすくすること,板を立てて水をせき止めること,水をこぼして怒られること,サーフィンをして遊ぶこと
284,2,類義語・対義語,「集合」の対義語（反対の意味）は？,解散,集中,分散,会議,集まり
285,2,文法,「そして」は何詞？,接続詞,副詞,名詞,助詞,動詞
286,3,四字熟語,「意気投合」の意味は？,お互いの気持や考えがびっくりするほどぴったりと合うこと,お互いに意地を張り合って顔を合わせるたびに喧嘩をすること,深くプールに潜るために大きく息を吸い込んで止めること,同じチームを応援してみんなで同じ人に投票すること,話し合いで意見が合わずにそのまま怒って別れてしまうこと
287,3,慣用句,「胸を貸す」の意味は？,実力がはるかに上の者がわざと相手になって練習をつけてやること,自分の胸をドンドンと叩いて自分の実力が一番だと自慢すること,感動のあまり泣いている相手を優しく腕の中に抱きしめること,自分が相手の身代わりになって重い罰や責任を引き受けること,困っている相手に頼まれてたくさんのお金を貸してやること
288,3,ことわざ,「のれんに腕押し」の意味は？,手ごたえがなく全く効き目がないこと,のれんを手で押して中に入ること,腕立て伏せをして鍛えること,腕相撲をして負けること,お店に入れないこと
289,3,類義語・対義語,「豊富」の対義語（反対の意味）は？,乏しい,豊か,余る,多い,たっぷり
290,3,文法,「来る」の尊敬語（相手を高める言い方）は？,いらっしゃる,参る,来る,おいでする,来られる
291,4,四字熟語,「紆余曲折」の意味は？,事情が複雑に込み入って最終的な結論が出るまでに色々変わること,歩いている道がひどくくねくねと曲がっていて歩きにくいこと,裁縫をしている時に糸が絡まってしまってどうしても解けないこと,長く続いていた音楽の曲が全て終わって静かになること,知らない道を通って遠回りをして完全に迷子になってしまうこと
292,4,慣用句,「顔から火が出る」の意味は？,とても恥ずかしい思いをすること,怒って顔が真っ赤になること,顔を火傷してしまうこと,顔を真っ赤にして熱を出すこと,ピエロが火を吹く手品をすること
293,4,ことわざ,「豆腐に鎹（かすがい）」の意味は？,いくら手ごたえを求めても全く手ごたえがなく全く効き目がないこと,柔らかい豆腐を釘を使って器用に何枚もつなぎ合わせること,柔らかいはずの豆腐をカチカチに硬くなるように料理すること,買ってきたばかりの豆腐をうっかり落として崩して壊すこと,できたての豆腐は醤油をかけると特においしいということ
294,4,類義語・対義語,「保守」の類義語（似た意味）は？,維持,革新,変化,破壊,改善
295,4,文法,「見る」の謙譲語（自分がへりくだる言い方）は？,拝見する,ご覧になる,見られる,お見せする,見ます
296,5,四字熟語,「荒唐無稽」の意味は？,でたらめで全く根拠がないこと,荒れた土地に何も育たないこと,唐辛子が辛くて食べられないこと,計画が途中で失敗すること,無駄な努力をすること
297,5,慣用句,「腑に落ちない」の意味は？,納得がいかないこと,食べたものが消化されないこと,お腹が痛くなること,穴の中に落ちてしまうこと,忘れ物をしてしまうこと
298,5,ことわざ,「悪銭身に付かず」の意味は？,不正に得たお金はすぐに無駄に使ってしまって結局無くなってしまう,悪い手段で手に入れたお金は体が拒絶してしまい受け付けない,人間はお金をたくさん持つと性格が変わって悪い人になる,悪いことをして警察に捕まるとたくさん罰金を取られる,汚いお金は水できれいに洗ってから大切に使うべきだ
299,5,類義語・対義語,「必然」の類義語（似た意味）は？,必至,偶然,たまたま,奇跡,不自然
300,5,文法,「聞く」の謙譲語（自分がへりくだる言い方）は？,伺う,お聞きになる,聞かれる,聞きます,お聞かせする
301,2,主語・述語,「友人の心ない一言に、どうしても腹が立つ」という文において、「立つ」という述語に対する直接の主語はどれか？,腹が,友人の,一言に,どうしても,私が
302,2,主語・述語,「幼なじみの彼とは、全く気が置けない間柄だ」という文の中で、「気」を主語とした場合の述語はどれか？,置けない,全く,間柄だ,彼とは,幼なじみの
303,2,主語・述語,「この企画を成功させるには、かなり骨が折れる作業が必要だ」という文において、「折れる」という述語に対応する主語はどれか？,骨が,企画を,この,作業が,かなり
304,2,主語・述語,「彼のキザなセリフを聞いていると、なんだか歯が浮くような思いがする」という文で、「歯が」を主語としたときの述語はどれか？,浮く,思いがする,なんだか,聞いていると,セリフを
305,2,主語・述語,「今日の彼は朝から虫の居所が悪いようで、誰に対しても不機嫌だ」という文の中で、「悪い」という述語に対する直接の主語はどれか？,居所が,彼（は）,虫の,誰に対しても,朝から
306,2,主語・述語,「いくら虫の居所が悪いからといって、八つ当たりするのはよくない」という文において、「居所が」を主語とする述語はどれか？,悪い,いくら,八つ当たりする,よくない,からといって
307,2,主語・述語,「このレストランのケーキは、顎が落ちるほど美味しいと評判だ」という文で、「落ちる」という述語の直接の主語にあたるものはどれか？,顎が,ケーキは,この,美味しいと,評判だ
308,3,主語・述語,「一日中テーマパークを歩き回ったせいで、すっかり足が棒になる」という文において、「足が」に対する述語はどれか？,なる,すっかり,歩き回った,せいで,一日中
309,3,主語・述語,「先輩からの厳しいアドバイスは、今の私にはとても耳が痛い」という文の中で、「痛い」という述語に直接対応する主語はどれか？,耳が,アドバイスは,先輩からの,今の,私には
310,3,主語・述語,「息子が全国大会で優勝して、親としても非常に鼻が高い」という文において、「鼻が」を主語としたときの述語はどれか？,高い,非常に,優勝して,大会で,親としても
311,3,主語・述語,「明日の重要なプレゼンテーションのことを考えると、どうしても気が重い」という文で、「重い」という述語に対する主語はどれか？,気が,明日の,プレゼンを,どうしても,考えると
312,3,主語・述語,「彼は社長という立場でありながら、誰に対しても非常に腰が低い」という文の中で、「腰が」に対する述語はどれか？,低い,非常に,誰に対しても,ありながら,社長という
313,3,主語・述語,「強敵との対戦を前にして、スポーツ選手としてますます腕が鳴る」という文において、「鳴る」という述語の主語はどれか？,腕が,対戦を,前にして,選手として,ますます
314,3,主語・述語,「来週から始まる念願の海外旅行を想像するだけで、期待に胸が躍る」という文において、「胸が」を主語とした場合の述語はどれか？,躍る,期待に,想像する,始まる,来週から
315,3,主語・述語,「もし休日に気が向くことがあれば、一緒に映画でも見に行きませんか」という文の中で、「向く」という述語に対する主語はどれか？,気が,休日に,もし,一緒に,映画でも
316,4,主語・述語,「年末の連休前は、毎年目が回るような忙しさになる」という文において、「目が」を主語としたときの述語はどれか？,回る,忙しさに,なる,毎年,年末の
317,4,主語・述語,「今の自分の実力では、あの強力なライバルには全く歯が立たない」という文の中で、「立たない」という述語に対する主語はどれか？,歯が,実力では,今の,全く,ライバルには
318,4,主語・述語,「彼とは初めて会った時から、なぜかとても気が合うと感じていた」という文において、「気が」を主語とした場合の述語はどれか？,合う,とても,感じていた,初めて,彼とは
319,4,主語・述語,「事業に失敗して多額の借金を抱え、今は全く首が回らない状態だ」という文の中で、「回らない」という述語に対応する主語はどれか？,首が,今は,借金を,状態で,全く
320,4,主語・述語,「もし午後から手が空く時間がありましたら、会議の準備を手伝ってください」という文において、「手が」を主語とした場合の述語はどれか？,空く,ありましたら,手伝って,午後から,もし
321,4,主語・述語,「あのお笑いコンビは、お互いの息が合う素晴らしい漫才を披露した」という文の中で、「合う」という述語に対する主語はどれか？,息が,コンビは,お互いの,素晴らしい,漫才を
322,4,主語・述語,「いろいろと悩んだ末に、ついに転職するという腹が決まる」という文において、「腹が」を主語としたときの述語はどれか？,決まる,ついに,悩んだ,転職する,末に
323,5,主語・述語,「故郷の景色を思い出すと、自然と実家の方向に足が向く」という文の中で、「向く」という述語に対応する主語はどれか？,足が,方向に,自然と,景色を,実家の
324,5,主語・述語,「彼は一流の芸術作品ばかりを見ているため、すっかり目が肥える」という文において、「目が」に対する述語はどれか？,肥える,すっかり,見ている,ため,ばかりを
325,5,主語・述語,「祖父は最近少し耳が遠いので、話しかける時は大きめの声を出している」という文の中で、「遠い」という述語に対する主語はどれか？,耳が,祖父（は）,最近,少し,話しかける
326,5,主語・述語,「彼は非常に気が短い性格なので、少しでも待たされるとすぐ怒り出す」という文において、「気が」を主語とした場合の述語はどれか？,短い,非常に,性格なので,怒り出す,少しでも
327,5,主語・述語,「あの人の親切そうな態度の裏には、何か腹が黒い企みがあるのではないか」という文の中で、「黒い」という述語に対応する主語はどれか？,腹が,態度の,何か,企みが,あの人の
328,5,主語・述語,「彼女とは趣味が同じこともあって、昔からとても馬が合う」という文において、「馬が」に対する述語はどれか？,合う,とても,同じことも,昔から,あって
329,5,主語・述語,「このプロジェクトは細かい調整が多く、非常に手が掛かる作業である」という文の中で、「掛かる」という述語に対する主語はどれか？,手が,非常に,調整が,作業である,多く
330,5,主語・述語,「あの人は様々な業界に知り合いがおり、とても顔が広いことで有名だ」という文において、「顔が」を主語としたときの述語はどれか？,広い,有名だ,とても,おり,知り合いが
331,2,類義語・対義語,「迅速」の類義語（似た意味）は？,素早い,遅鈍,丁寧,複雑,精密
332,2,類義語・対義語,「謙虚」の対義語（反対の意味）は？,傲慢,誠実,素直,小心,勤勉
333,2,類義語・対義語,「詳細」の対義語（反対の意味）は？,概略,緻密,明瞭,確実,真実
334,2,類義語・対義語,「豊富」の類義語（似た意味）は？,潤沢,不足,貧弱,枯渇,単調
335,2,類義語・対義語,「楽観」の対義語（反対の意味）は？,悲観,希望,期待,絶望,後悔
336,2,類義語・対義語,「鋭敏」の対義語（反対の意味）は？,鈍感,過敏,敏感,活発,明快
337,2,類義語・対義語,「模範」の類義語（似た意味）は？,手本,逸脱,異常,規格,例外
338,3,類義語・対義語,「冷静」の対義語（反対の意味）は？,情熱,冷酷,静寂,慎重,冷淡
339,3,類義語・対義語,「偶然」の類義語（似た意味）は？,偶発,必然,絶対,確実,意図
340,3,類義語・対義語,「過剰」の対義語（反対の意味）は？,不足,充満,余剰,大量,豊富
341,3,類義語・対義語,「拒否」の対義語（反対の意味）は？,承諾,辞退,却下,保留,無視
342,3,類義語・対義語,「獲得」の対義語（反対の意味）は？,喪失,取得,入手,確保,奪取
343,3,類義語・対義語,「固定」の対義語（反対の意味）は？,変動,維持,安定,不変,確立
344,3,類義語・対義語,「統合」の対義語（反対の意味）は？,分割,融合,結集,統一,連携
345,3,類義語・対義語,「利益」の類義語（似た意味）は？,収益,損失,支出,負債,借金
346,4,類義語・対義語,「隠蔽」の対義語（反対の意味）は？,暴露,秘匿,詐称,偽装,看過
347,4,類義語・対義語,「饒舌」の対義語（反対の意味）は？,寡黙,多弁,雄弁,軽薄,冗長
348,4,類義語・対義語,「傲慢」の類義語（似た意味）は？,不遜,謙譲,卑屈,恭順,温厚
349,4,類義語・対義語,「払拭」の類義語（似た意味）は？,一掃,除去,放置,固執,浸透
350,4,類義語・対義語,「拙劣」の対義語（反対の意味）は？,巧妙,稚拙,粗悪,下劣,低俗
351,4,類義語・対義語,「妥協」の類義語（似た意味）は？,歩み寄り,決裂,対立,抵抗,固執
352,4,類義語・対義語,「怠惰」の対義語（反対の意味）は？,勤勉,怠け,無謀,勇敢,慎重
353,5,類義語・対義語,「模倣」の対義語（反対の意味）は？,創造,真似,偽造,踏襲,追随
354,5,類義語・対義語,「顕在」の対義語（反対の意味）は？,潜在,現在,顕著,不在,実在
355,5,類義語・対義語,「収束」の類義語（似た意味）は？,終息,発散,拡大,拡散,悪化
356,5,類義語・対義語,「抽象」の対義語（反対の意味）は？,具象,概念,想像,理念,真実
357,5,類義語・対義語,「希薄」の対義語（反対の意味）は？,濃密,稀少,薄弱,貧弱,微小
358,5,類義語・対義語,「拘束」の対義語（反対の意味）は？,解放,束縛,逮捕,監禁,制限
359,5,類義語・対義語,「促進」の対義語（反対の意味）は？,抑制,推進,発展,向上,加速
360,5,類義語・対義語,「疎遠」の対義語（反対の意味）は？,親密,絶交,離別,別離,孤立
361,3,四字熟語,「一石二鳥」の意味は？,一つの行動で二つの利益を得ること,一度に二羽の鳥を捕まえる技術,石を投げて鳥を驚かせること,二つの石で一羽を狙うこと,幸運が重なって舞い込むこと
362,3,四字熟語,「三日坊主」の意味は？,物事が長続きせずすぐに飽きてしまうこと,三日間だけお寺で修行をすること,頭を丸めて反省をすること,三日ごとに新しいことを始める人,飽き性だが集中力があること
363,3,四字熟語,「十人十色」の意味は？,考え方や好みは人によってそれぞれ違うこと,十人の人が同じ色の服を着ること,十種類の色の絵具を使うこと,大勢で一つの目標に向かうこと,目立つ格好をして個性を出すこと
364,3,四字熟語,「喜怒哀楽」の意味は？,人間が持つ様々な感情のこと,いつもニコニコして機嫌が良いこと,自分の感情を隠して生活すること,怒ってばかりで周りを困らせること,悲しい出来事が続いて落ち込むこと
365,3,四字熟語,「自問自答」の意味は？,自分の心の中で自分自身に問いかけ答えること,他人の間違いを厳しく指摘すること,テストの問題を自分で作って解くこと,答えのない問題について悩み続けること,誰にも相談せずに勝手に決めること
366,3,四字熟語,「単刀直入」の意味は？,前置きを省いていきなり本題に入ること,一本の刀だけで敵陣に乗り込むこと,正直すぎて損をしてしまうこと,鋭い言葉で相手を傷つけること,一本気で頑固な性格のこと
367,3,四字熟語,「半信半疑」の意味は？,本当かどうか疑わしく思っている状態,半分だけ神様を信じていること,嘘だと分かっていながら信じるふりをすること,信じていた人に裏切られること,自分の考えに自信が持てないこと
368,4,四字熟語,「異口同音」の意味は？,大勢の人が口をそろえて同じことを言うこと,違う言葉でも意味が同じであること,みんなで大きな声で歌をうたうこと,人によって言うことがバラバラなこと,口数が多くてうるさいこと
369,4,四字熟語,「温故知新」の意味は？,古いことを研究して新しい知識や見解を得ること,昔の生活をそのまま再現すること,新しいものばかりを追い求めること,歴史の勉強を一生懸命にすること,故郷を思い出して懐かしむこと
370,4,四字熟語,「五里霧中」の意味は？,物事の様子が分からず方針や見込みが立たないこと,深い霧の中で道に迷って困ること,五里さきの村まで霧が出ていること,夢中になって周りが見えなくなること,修行をして超能力を身につけること
371,4,四字熟語,「電光石火」の意味は？,動きや動作が非常に素早いこと,雷が落ちて火事になること,暗闇の中で光る石のこと,一瞬だけ輝いてすぐに消えること,電化製品の使い方が上手なこと
372,4,四字熟語,「以心伝心」の意味以？,言葉を使わなくてもお互いの気持ちが通じ合うこと,心臓の鼓動が周りに聞こえること,念力を使って遠くの人と話すこと,手紙を書いて自分の心を伝えること,相手の考えていることを全て当てること
373,4,四字熟語,「不言実行」の意味は？,あれこれ言わずに黙ってなすべきことを実行すること,何もせずに結果が出るのを待つこと,言葉と行動が全く伴っていないこと,言ったことをすぐに忘れてしまうこと,大きな声で宣言してから実行すること
374,4,四字熟語,「油断大敵」の意味は？,注意を少しでも怠ると大きな失敗を招くということ,油を売っていると敵に攻撃されること,太った敵は動きが遅いということ,料理中に油をこぼすと危ないということ,強そうな敵ほど弱点があるということ
375,5,四字熟語,「四面楚歌」の意味は？,周りが敵や反対者ばかりで助けがない状態,四つの方向から歌が聞こえてくること,大きな声で合唱をして楽しむこと,四角い部屋の中で迷子になること,みんなで一人を仲間外れにすること
376,5,四字熟語,「朝令暮改」の意味は？,命令や方針が頻繁に変わって定まらないこと,朝早く起きて夜遅くまで勉強すること,毎日規則正しい生活を送ること,朝に決めたことを夕方に実行すること,古い法律を新しく作り替えること
377,5,四字熟語,「千載一遇」の意味は？,千年に一度あるかないかの絶好の機会のこと,千円拾うようなラッキーな出来事,千回に一回は必ず成功するということ,長い年月をかけて一つのことを成し遂げること,偶然古い知り合いに再会すること
378,5,四字熟語,「傍若無人」の意味は？,人前をはばからず勝手気ままに振る舞うこと,周りに誰もいなくて寂しい思いをすること,人の力を使わずに一人で頑張ること,体が大きくて力持ちな人のこと,若いくせに礼儀を知らないこと
379,5,四字熟語,「徹頭徹尾」の意味は？,最初から最後まで考えや方針が変わらないこと,頭から足の先まで全身を洗うこと,徹夜をして一生懸命に働くこと,物語の最初と最後だけを読むこと,徹底的に相手を追い詰めること
380,5,四字熟語,「疑心暗鬼」の意味は？,疑う心があると何でもないことまで恐ろしく見えること,暗い場所で幽霊を見たような気がすること,心の中に悪い鬼が住んでいること,他人の言うことを何でも疑う性格のこと,嘘をついて人を怖がらせること
